{
  "Context": {
    "mean": 6800,
    "min": 4000,
    "max": 16000,
    "count": 270,
    "median": 4000,
    "percentile95": 16000
  },
  " Temp": {
    "mean": 0.5166666666666648,
    "min": 0.3,
    "max": 0.9,
    "count": 270,
    "median": 0.6,
    "percentile95": 0.9
  },
  "TPS": {
    "mean": 262.00166666666684,
    "min": 117.81,
    "max": 319.92,
    "count": 270,
    "median": 269.61,
    "percentile95": 305.55
  },
  "  Duration": {
    "mean": 2.5718888888888896,
    "min": 0.19,
    "max": 9.5,
    "count": 270,
    "median": 2.0949999999999998,
    "percentile95": 5.49
  },
  " Sc": {
    "mean": 4.277777777777778,
    "min": 0,
    "max": 9,
    "count": 270,
    "median": 6,
    "percentile95": 9
  },
  " or": {
    "mean": 4.088888888888889,
    "min": 0,
    "max": 9,
    "count": 270,
    "median": 7,
    "percentile95": 9
  },
  " es": {
    "mean": 4.522222222222222,
    "min": 0,
    "max": 10,
    "count": 270,
    "median": 7,
    "percentile95": 10
  },
  "      Date Time   ": {
    "mean": 2025,
    "min": 2025,
    "max": 2025,
    "count": 270,
    "median": 2025,
    "percentile95": 2025
  },
  "Model User Prompt": {
    "mean": 467.6777777777778,
    "min": 23,
    "max": 1011,
    "count": 270,
    "median": 465,
    "percentile95": 748
  },
  "Eval Tokens": {
    "mean": 1.870222222222223,
    "min": 0.1,
    "max": 5.25,
    "count": 270,
    "median": 1.795,
    "percentile95": 3.33
  },
  "Prompt Eval Tokens": {
    "mean": 56.522222222222226,
    "min": 32,
    "max": 79,
    "count": 270,
    "median": 61,
    "percentile95": 78
  },
  "Doc-File Name          ": {
    "mean": 0,
    "min": 0,
    "max": 0,
    "count": 270,
    "median": 0,
    "percentile95": 0
  },
  "Web Search URL         ": {
    "mean": 0,
    "min": 0,
    "max": 0,
    "count": 270,
    "median": 0,
    "percentile95": 0
  },
  "Computer ": {
    "mean": 32,
    "min": 32,
    "max": 32,
    "count": 270,
    "median": 32,
    "percentile95": 32
  }
}